Threads,Time,Speedup
2,0.103709,0.506868
4,0.066854,0.786294
8,0.049069,1.071275
16,0.042740,1.229906
