Threads,Time,Speedup
2,0.104752,0.523270
4,0.067685,0.809835
8,0.049162,1.114968
16,0.041529,1.319883
