Threads,Time,Speedup
2,0.042893,1.820155
4,0.020169,3.870868
8,0.014949,5.222448
16,0.014138,5.521972
