Threads,Time,Speedup
2,0.042631,1.592430
4,0.024845,2.732481
8,0.022635,2.999272
16,0.018942,3.583867
