Particles,InterpTime,MoverTime,TotalTime
100,0.000009,0.000011,0.000020
10000,0.000783,0.001037,0.001820
1000000,0.077642,0.103672,0.181314
100000000,8.920638,10.417739,19.338378
1000000000,103.542080,106.126112,209.668192
