Config,NX,NY,Particles,TotalInterpolationTime
1,250,100,100000000,6.716883
2,500,200,100000000,8.971365
3,1000,400,100000000,9.512108
