Particles,InterpTime,MoverTime,TotalTime
100,0.000018,0.000024,0.000041
10000,0.001606,0.002208,0.003814
1000000,0.106532,0.139405,0.245937
100000000,9.270744,10.458064,19.728808
1000000000,98.878050,104.604385,203.482434
