Config,NX,NY,Particles,TotalInterpolationTime
1,250,100,100000000,2.882131
2,500,200,100000000,3.172407
3,1000,400,100000000,7.565180
