Particles,InterpTime,MoverTime,TotalTime
100,0.000011,0.000005,0.000015
10000,0.000778,0.000415,0.001193
1000000,0.074549,0.044568,0.119117
100000000,7.900797,3.878486,11.779282
1000000000,453.808684,432.504919,886.313602
