Threads,Time,Speedup
2,0.104667,0.509542
4,0.066929,0.796846
8,0.048237,1.105635
16,0.040476,1.317625
