Threads,Time,Speedup
2,0.028864,1.899856
4,0.015699,3.492918
8,0.009724,5.639594
16,0.009078,6.040529
