Threads,Time,Speedup
2,0.028605,1.918779
4,0.015649,3.507484
8,0.009929,5.528187
16,0.008819,6.224013
