Threads,Time,Speedup
2,0.029059,1.909693
4,0.015551,3.568425
8,0.009991,5.554640
16,0.009206,6.028311
