problem_index,alg_time
a,0.027129
b,0.148854
c,0.120191
d,0.658491
e,1.057943