Threads,Time,Speedup
2,0.122716,0.529439
4,0.073497,0.883982
8,0.054260,1.197401
16,0.052351,1.241051
