Threads,Time,Speedup
2,0.123783,0.527754
4,0.063845,1.023219
8,0.041274,1.582751
16,0.038451,1.698989
