Threads,Time,Speedup
2,0.039528,1.731272
4,0.024337,2.811992
8,0.017450,3.921754
16,0.013501,5.068752
