Threads,Time,Speedup
2,0.127590,0.514142
4,0.064535,1.016496
8,0.042514,1.543000
16,0.038402,1.708249
